,Year,Area,Count
0,1906,Central Africa,0.0
1,1906,Central America,0.0
2,1906,Central Asia,0.0
3,1906,Central Europe,1.0
4,1906,East Asia,0.0
5,1906,Eastern Africa,0.0
6,1906,Eastern Europe,0.0
7,1906,Indian Ocean,0.0
8,1906,North America,0.0
9,1906,Northern Africa,0.0
10,1906,Northern Asia,0.0
11,1906,Northern Europe,0.0
12,1906,Pacific,0.0
13,1906,South America,0.0
14,1906,South Asia,0.0
15,1906,South East Asia,0.0
16,1906,South East Europe,0.0
17,1906,South West Asia,0.0
18,1906,South West Europe,0.0
19,1906,Southern Africa,0.0
20,1906,Southern Europe,0.0
21,1906,West Indies,0.0
22,1906,Western Africa,0.0
23,1906,Western Europe,0.0
24,1916,Central Africa,0.0
25,1916,Central America,0.0
26,1916,Central Asia,0.0
27,1916,Central Europe,1.0
28,1916,East Asia,0.0
29,1916,Eastern Africa,0.0
30,1916,Eastern Europe,0.0
31,1916,Indian Ocean,0.0
32,1916,North America,0.0
33,1916,Northern Africa,0.0
34,1916,Northern Asia,0.0
35,1916,Northern Europe,0.0
36,1916,Pacific,0.0
37,1916,South America,0.0
38,1916,South Asia,0.0
39,1916,South East Asia,0.0
40,1916,South East Europe,0.0
41,1916,South West Asia,0.0
42,1916,South West Europe,0.0
43,1916,Southern Africa,0.0
44,1916,Southern Europe,0.0
45,1916,West Indies,0.0
46,1916,Western Africa,0.0
47,1916,Western Europe,1.0
48,1936,Central Africa,0.0
49,1936,Central America,0.0
50,1936,Central Asia,0.0
51,1936,Central Europe,1.0
52,1936,East Asia,0.0
53,1936,Eastern Africa,0.0
54,1936,Eastern Europe,0.0
55,1936,Indian Ocean,0.0
56,1936,North America,1.0
57,1936,Northern Africa,0.0
58,1936,Northern Asia,0.0
59,1936,Northern Europe,0.0
60,1936,Pacific,0.0
61,1936,South America,0.0
62,1936,South Asia,0.0
63,1936,South East Asia,0.0
64,1936,South East Europe,0.0
65,1936,South West Asia,0.0
66,1936,South West Europe,0.0
67,1936,Southern Africa,0.0
68,1936,Southern Europe,0.0
69,1936,West Indies,0.0
70,1936,Western Africa,0.0
71,1936,Western Europe,1.0
72,1943,Central Africa,0.0
73,1943,Central America,0.0
74,1943,Central Asia,0.0
75,1943,Central Europe,1.0
76,1943,East Asia,0.0
77,1943,Eastern Africa,0.0
78,1943,Eastern Europe,0.0
79,1943,Indian Ocean,0.0
80,1943,North America,1.0
81,1943,Northern Africa,0.0
82,1943,Northern Asia,0.0
83,1943,Northern Europe,0.0
84,1943,Pacific,0.0
85,1943,South America,0.0
86,1943,South Asia,0.0
87,1943,South East Asia,0.0
88,1943,South East Europe,0.0
89,1943,South West Asia,0.0
90,1943,South West Europe,0.0
91,1943,Southern Africa,0.0
92,1943,Southern Europe,0.0
93,1943,West Indies,0.0
94,1943,Western Africa,0.0
95,1943,Western Europe,3.0
96,1944,Central Africa,0.0
97,1944,Central America,1.0
98,1944,Central Asia,0.0
99,1944,Central Europe,1.0
100,1944,East Asia,0.0
101,1944,Eastern Africa,0.0
102,1944,Eastern Europe,0.0
103,1944,Indian Ocean,0.0
104,1944,North America,2.0
105,1944,Northern Africa,0.0
106,1944,Northern Asia,0.0
107,1944,Northern Europe,0.0
108,1944,Pacific,0.0
109,1944,South America,0.0
110,1944,South Asia,0.0
111,1944,South East Asia,0.0
112,1944,South East Europe,0.0
113,1944,South West Asia,0.0
114,1944,South West Europe,0.0
115,1944,Southern Africa,0.0
116,1944,Southern Europe,0.0
117,1944,West Indies,0.0
118,1944,Western Africa,0.0
119,1944,Western Europe,4.0
120,1946,Central Africa,0.0
121,1946,Central America,1.0
122,1946,Central Asia,0.0
123,1946,Central Europe,1.0
124,1946,East Asia,1.0
125,1946,Eastern Africa,0.0
126,1946,Eastern Europe,0.0
127,1946,Indian Ocean,0.0
128,1946,North America,3.0
129,1946,Northern Africa,0.0
130,1946,Northern Asia,0.0
131,1946,Northern Europe,0.0
132,1946,Pacific,0.0
133,1946,South America,0.0
134,1946,South Asia,0.0
135,1946,South East Asia,0.0
136,1946,South East Europe,0.0
137,1946,South West Asia,0.0
138,1946,South West Europe,0.0
139,1946,Southern Africa,0.0
140,1946,Southern Europe,0.0
141,1946,West Indies,0.0
142,1946,Western Africa,0.0
143,1946,Western Europe,4.0
144,1947,Central Africa,0.0
145,1947,Central America,1.0
146,1947,Central Asia,0.0
147,1947,Central Europe,1.0
148,1947,East Asia,2.0
149,1947,Eastern Africa,0.0
150,1947,Eastern Europe,0.0
151,1947,Indian Ocean,0.0
152,1947,North America,3.0
153,1947,Northern Africa,0.0
154,1947,Northern Asia,0.0
155,1947,Northern Europe,0.0
156,1947,Pacific,0.0
157,1947,South America,0.0
158,1947,South Asia,0.0
159,1947,South East Asia,0.0
160,1947,South East Europe,0.0
161,1947,South West Asia,1.0
162,1947,South West Europe,0.0
163,1947,Southern Africa,0.0
164,1947,Southern Europe,0.0
165,1947,West Indies,0.0
166,1947,Western Africa,0.0
167,1947,Western Europe,4.0
168,1948,Central Africa,0.0
169,1948,Central America,1.0
170,1948,Central Asia,0.0
171,1948,Central Europe,1.0
172,1948,East Asia,2.0
173,1948,Eastern Africa,0.0
174,1948,Eastern Europe,0.0
175,1948,Indian Ocean,0.0
176,1948,North America,4.0
177,1948,Northern Africa,0.0
178,1948,Northern Asia,0.0
179,1948,Northern Europe,0.0
180,1948,Pacific,0.0
181,1948,South America,0.0
182,1948,South Asia,0.0
183,1948,South East Asia,0.0
184,1948,South East Europe,0.0
185,1948,South West Asia,1.0
186,1948,South West Europe,0.0
187,1948,Southern Africa,0.0
188,1948,Southern Europe,0.0
189,1948,West Indies,0.0
190,1948,Western Africa,0.0
191,1948,Western Europe,4.0
192,1950,Central Africa,0.0
193,1950,Central America,2.0
194,1950,Central Asia,0.0
195,1950,Central Europe,2.0
196,1950,East Asia,2.0
197,1950,Eastern Africa,0.0
198,1950,Eastern Europe,0.0
199,1950,Indian Ocean,0.0
200,1950,North America,4.0
201,1950,Northern Africa,0.0
202,1950,Northern Asia,0.0
203,1950,Northern Europe,0.0
204,1950,Pacific,0.0
205,1950,South America,0.0
206,1950,South Asia,0.0
207,1950,South East Asia,0.0
208,1950,South East Europe,0.0
209,1950,South West Asia,1.0
210,1950,South West Europe,0.0
211,1950,Southern Africa,0.0
212,1950,Southern Europe,0.0
213,1950,West Indies,0.0
214,1950,Western Africa,0.0
215,1950,Western Europe,4.0
216,1951,Central Africa,0.0
217,1951,Central America,2.0
218,1951,Central Asia,0.0
219,1951,Central Europe,2.0
220,1951,East Asia,2.0
221,1951,Eastern Africa,0.0
222,1951,Eastern Europe,0.0
223,1951,Indian Ocean,0.0
224,1951,North America,6.0
225,1951,Northern Africa,0.0
226,1951,Northern Asia,0.0
227,1951,Northern Europe,0.0
228,1951,Pacific,0.0
229,1951,South America,0.0
230,1951,South Asia,0.0
231,1951,South East Asia,0.0
232,1951,South East Europe,0.0
233,1951,South West Asia,1.0
234,1951,South West Europe,0.0
235,1951,Southern Africa,0.0
236,1951,Southern Europe,0.0
237,1951,West Indies,0.0
238,1951,Western Africa,0.0
239,1951,Western Europe,5.0
240,1952,Central Africa,0.0
241,1952,Central America,2.0
242,1952,Central Asia,0.0
243,1952,Central Europe,2.0
244,1952,East Asia,3.0
245,1952,Eastern Africa,0.0
246,1952,Eastern Europe,0.0
247,1952,Indian Ocean,0.0
248,1952,North America,8.0
249,1952,Northern Africa,0.0
250,1952,Northern Asia,0.0
251,1952,Northern Europe,0.0
252,1952,Pacific,0.0
253,1952,South America,1.0
254,1952,South Asia,0.0
255,1952,South East Asia,0.0
256,1952,South East Europe,0.0
257,1952,South West Asia,1.0
258,1952,South West Europe,0.0
259,1952,Southern Africa,0.0
260,1952,Southern Europe,0.0
261,1952,West Indies,0.0
262,1952,Western Africa,0.0
263,1952,Western Europe,6.0
264,1953,Central Africa,0.0
265,1953,Central America,2.0
266,1953,Central Asia,0.0
267,1953,Central Europe,2.0
268,1953,East Asia,3.0
269,1953,Eastern Africa,0.0
270,1953,Eastern Europe,0.0
271,1953,Indian Ocean,0.0
272,1953,North America,10.0
273,1953,Northern Africa,0.0
274,1953,Northern Asia,0.0
275,1953,Northern Europe,0.0
276,1953,Pacific,0.0
277,1953,South America,1.0
278,1953,South Asia,0.0
279,1953,South East Asia,0.0
280,1953,South East Europe,0.0
281,1953,South West Asia,1.0
282,1953,South West Europe,0.0
283,1953,Southern Africa,0.0
284,1953,Southern Europe,0.0
285,1953,West Indies,0.0
286,1953,Western Africa,0.0
287,1953,Western Europe,6.0
288,1954,Central Africa,0.0
289,1954,Central America,2.0
290,1954,Central Asia,0.0
291,1954,Central Europe,2.0
292,1954,East Asia,3.0
293,1954,Eastern Africa,0.0
294,1954,Eastern Europe,0.0
295,1954,Indian Ocean,0.0
296,1954,North America,12.0
297,1954,Northern Africa,0.0
298,1954,Northern Asia,0.0
299,1954,Northern Europe,0.0
300,1954,Pacific,0.0
301,1954,South America,1.0
302,1954,South Asia,0.0
303,1954,South East Asia,0.0
304,1954,South East Europe,0.0
305,1954,South West Asia,1.0
306,1954,South West Europe,0.0
307,1954,Southern Africa,0.0
308,1954,Southern Europe,0.0
309,1954,West Indies,0.0
310,1954,Western Africa,0.0
311,1954,Western Europe,8.0
312,1955,Central Africa,0.0
313,1955,Central America,2.0
314,1955,Central Asia,0.0
315,1955,Central Europe,2.0
316,1955,East Asia,3.0
317,1955,Eastern Africa,0.0
318,1955,Eastern Europe,0.0
319,1955,Indian Ocean,0.0
320,1955,North America,13.0
321,1955,Northern Africa,0.0
322,1955,Northern Asia,0.0
323,1955,Northern Europe,0.0
324,1955,Pacific,0.0
325,1955,South America,1.0
326,1955,South Asia,0.0
327,1955,South East Asia,0.0
328,1955,South East Europe,0.0
329,1955,South West Asia,1.0
330,1955,South West Europe,0.0
331,1955,Southern Africa,0.0
332,1955,Southern Europe,0.0
333,1955,West Indies,0.0
334,1955,Western Africa,0.0
335,1955,Western Europe,10.0
336,1956,Central Africa,0.0
337,1956,Central America,2.0
338,1956,Central Asia,0.0
339,1956,Central Europe,2.0
340,1956,East Asia,3.0
341,1956,Eastern Africa,0.0
342,1956,Eastern Europe,0.0
343,1956,Indian Ocean,0.0
344,1956,North America,14.0
345,1956,Northern Africa,1.0
346,1956,Northern Asia,0.0
347,1956,Northern Europe,0.0
348,1956,Pacific,0.0
349,1956,South America,1.0
350,1956,South Asia,0.0
351,1956,South East Asia,0.0
352,1956,South East Europe,0.0
353,1956,South West Asia,1.0
354,1956,South West Europe,0.0
355,1956,Southern Africa,0.0
356,1956,Southern Europe,0.0
357,1956,West Indies,0.0
358,1956,Western Africa,0.0
359,1956,Western Europe,10.0
360,1957,Central Africa,0.0
361,1957,Central America,2.0
362,1957,Central Asia,0.0
363,1957,Central Europe,2.0
364,1957,East Asia,3.0
365,1957,Eastern Africa,0.0
366,1957,Eastern Europe,0.0
367,1957,Indian Ocean,0.0
368,1957,North America,14.0
369,1957,Northern Africa,1.0
370,1957,Northern Asia,0.0
371,1957,Northern Europe,0.0
372,1957,Pacific,0.0
373,1957,South America,1.0
374,1957,South Asia,0.0
375,1957,South East Asia,0.0
376,1957,South East Europe,0.0
377,1957,South West Asia,1.0
378,1957,South West Europe,0.0
379,1957,Southern Africa,0.0
380,1957,Southern Europe,0.0
381,1957,West Indies,0.0
382,1957,Western Africa,0.0
383,1957,Western Europe,11.0
384,1958,Central Africa,0.0
385,1958,Central America,2.0
386,1958,Central Asia,0.0
387,1958,Central Europe,2.0
388,1958,East Asia,3.0
389,1958,Eastern Africa,0.0
390,1958,Eastern Europe,0.0
391,1958,Indian Ocean,0.0
392,1958,North America,15.0
393,1958,Northern Africa,1.0
394,1958,Northern Asia,0.0
395,1958,Northern Europe,0.0
396,1958,Pacific,1.0
397,1958,South America,1.0
398,1958,South Asia,0.0
399,1958,South East Asia,0.0
400,1958,South East Europe,0.0
401,1958,South West Asia,1.0
402,1958,South West Europe,0.0
403,1958,Southern Africa,0.0
404,1958,Southern Europe,0.0
405,1958,West Indies,0.0
406,1958,Western Africa,0.0
407,1958,Western Europe,11.0
408,1959,Central Africa,0.0
409,1959,Central America,3.0
410,1959,Central Asia,0.0
411,1959,Central Europe,2.0
412,1959,East Asia,3.0
413,1959,Eastern Africa,0.0
414,1959,Eastern Europe,0.0
415,1959,Indian Ocean,0.0
416,1959,North America,15.0
417,1959,Northern Africa,1.0
418,1959,Northern Asia,0.0
419,1959,Northern Europe,0.0
420,1959,Pacific,1.0
421,1959,South America,1.0
422,1959,South Asia,0.0
423,1959,South East Asia,0.0
424,1959,South East Europe,0.0
425,1959,South West Asia,1.0
426,1959,South West Europe,0.0
427,1959,Southern Africa,0.0
428,1959,Southern Europe,0.0
429,1959,West Indies,0.0
430,1959,Western Africa,1.0
431,1959,Western Europe,11.0
432,1960,Central Africa,0.0
433,1960,Central America,4.0
434,1960,Central Asia,0.0
435,1960,Central Europe,2.0
436,1960,East Asia,3.0
437,1960,Eastern Africa,0.0
438,1960,Eastern Europe,0.0
439,1960,Indian Ocean,0.0
440,1960,North America,20.0
441,1960,Northern Africa,1.0
442,1960,Northern Asia,0.0
443,1960,Northern Europe,0.0
444,1960,Pacific,2.0
445,1960,South America,1.0
446,1960,South Asia,0.0
447,1960,South East Asia,0.0
448,1960,South East Europe,0.0
449,1960,South West Asia,1.0
450,1960,South West Europe,0.0
451,1960,Southern Africa,0.0
452,1960,Southern Europe,0.0
453,1960,West Indies,0.0
454,1960,Western Africa,1.0
455,1960,Western Europe,12.0
456,1961,Central Africa,0.0
457,1961,Central America,4.0
458,1961,Central Asia,0.0
459,1961,Central Europe,2.0
460,1961,East Asia,3.0
461,1961,Eastern Africa,0.0
462,1961,Eastern Europe,0.0
463,1961,Indian Ocean,0.0
464,1961,North America,22.0
465,1961,Northern Africa,1.0
466,1961,Northern Asia,0.0
467,1961,Northern Europe,0.0
468,1961,Pacific,2.0
469,1961,South America,1.0
470,1961,South Asia,0.0
471,1961,South East Asia,1.0
472,1961,South East Europe,0.0
473,1961,South West Asia,1.0
474,1961,South West Europe,0.0
475,1961,Southern Africa,0.0
476,1961,Southern Europe,0.0
477,1961,West Indies,0.0
478,1961,Western Africa,1.0
479,1961,Western Europe,13.0
480,1962,Central Africa,0.0
481,1962,Central America,4.0
482,1962,Central Asia,0.0
483,1962,Central Europe,2.0
484,1962,East Asia,3.0
485,1962,Eastern Africa,0.0
486,1962,Eastern Europe,0.0
487,1962,Indian Ocean,0.0
488,1962,North America,25.0
489,1962,Northern Africa,1.0
490,1962,Northern Asia,0.0
491,1962,Northern Europe,0.0
492,1962,Pacific,2.0
493,1962,South America,1.0
494,1962,South Asia,0.0
495,1962,South East Asia,1.0
496,1962,South East Europe,0.0
497,1962,South West Asia,1.0
498,1962,South West Europe,0.0
499,1962,Southern Africa,0.0
500,1962,Southern Europe,0.0
501,1962,West Indies,0.0
502,1962,Western Africa,1.0
503,1962,Western Europe,15.0
504,1963,Central Africa,0.0
505,1963,Central America,4.0
506,1963,Central Asia,0.0
507,1963,Central Europe,2.0
508,1963,East Asia,3.0
509,1963,Eastern Africa,0.0
510,1963,Eastern Europe,0.0
511,1963,Indian Ocean,0.0
512,1963,North America,30.0
513,1963,Northern Africa,1.0
514,1963,Northern Asia,0.0
515,1963,Northern Europe,0.0
516,1963,Pacific,3.0
517,1963,South America,1.0
518,1963,South Asia,0.0
519,1963,South East Asia,1.0
520,1963,South East Europe,0.0
521,1963,South West Asia,1.0
522,1963,South West Europe,0.0
523,1963,Southern Africa,0.0
524,1963,Southern Europe,0.0
525,1963,West Indies,0.0
526,1963,Western Africa,1.0
527,1963,Western Europe,16.0
528,1964,Central Africa,0.0
529,1964,Central America,4.0
530,1964,Central Asia,0.0
531,1964,Central Europe,2.0
532,1964,East Asia,3.0
533,1964,Eastern Africa,0.0
534,1964,Eastern Europe,0.0
535,1964,Indian Ocean,0.0
536,1964,North America,31.0
537,1964,Northern Africa,2.0
538,1964,Northern Asia,0.0
539,1964,Northern Europe,0.0
540,1964,Pacific,3.0
541,1964,South America,1.0
542,1964,South Asia,0.0
543,1964,South East Asia,1.0
544,1964,South East Europe,0.0
545,1964,South West Asia,1.0
546,1964,South West Europe,0.0
547,1964,Southern Africa,0.0
548,1964,Southern Europe,0.0
549,1964,West Indies,0.0
550,1964,Western Africa,1.0
551,1964,Western Europe,16.0
552,1965,Central Africa,0.0
553,1965,Central America,5.0
554,1965,Central Asia,0.0
555,1965,Central Europe,2.0
556,1965,East Asia,6.0
557,1965,Eastern Africa,0.0
558,1965,Eastern Europe,0.0
559,1965,Indian Ocean,0.0
560,1965,North America,34.0
561,1965,Northern Africa,2.0
562,1965,Northern Asia,0.0
563,1965,Northern Europe,0.0
564,1965,Pacific,3.0
565,1965,South America,1.0
566,1965,South Asia,0.0
567,1965,South East Asia,1.0
568,1965,South East Europe,0.0
569,1965,South West Asia,1.0
570,1965,South West Europe,0.0
571,1965,Southern Africa,0.0
572,1965,Southern Europe,0.0
573,1965,West Indies,0.0
574,1965,Western Africa,1.0
575,1965,Western Europe,18.0
576,1966,Central Africa,0.0
577,1966,Central America,5.0
578,1966,Central Asia,0.0
579,1966,Central Europe,2.0
580,1966,East Asia,6.0
581,1966,Eastern Africa,0.0
582,1966,Eastern Europe,0.0
583,1966,Indian Ocean,0.0
584,1966,North America,42.0
585,1966,Northern Africa,2.0
586,1966,Northern Asia,0.0
587,1966,Northern Europe,0.0
588,1966,Pacific,3.0
589,1966,South America,2.0
590,1966,South Asia,0.0
591,1966,South East Asia,6.0
592,1966,South East Europe,0.0
593,1966,South West Asia,1.0
594,1966,South West Europe,0.0
595,1966,Southern Africa,0.0
596,1966,Southern Europe,0.0
597,1966,West Indies,0.0
598,1966,Western Africa,1.0
599,1966,Western Europe,24.0
600,1967,Central Africa,0.0
601,1967,Central America,5.0
602,1967,Central Asia,0.0
603,1967,Central Europe,2.0
604,1967,East Asia,8.0
605,1967,Eastern Africa,0.0
606,1967,Eastern Europe,0.0
607,1967,Indian Ocean,0.0
608,1967,North America,47.0
609,1967,Northern Africa,2.0
610,1967,Northern Asia,0.0
611,1967,Northern Europe,0.0
612,1967,Pacific,4.0
613,1967,South America,2.0
614,1967,South Asia,0.0
615,1967,South East Asia,11.0
616,1967,South East Europe,0.0
617,1967,South West Asia,1.0
618,1967,South West Europe,0.0
619,1967,Southern Africa,0.0
620,1967,Southern Europe,0.0
621,1967,West Indies,0.0
622,1967,Western Africa,1.0
623,1967,Western Europe,31.0
624,1968,Central Africa,0.0
625,1968,Central America,6.0
626,1968,Central Asia,0.0
627,1968,Central Europe,2.0
628,1968,East Asia,8.0
629,1968,Eastern Africa,0.0
630,1968,Eastern Europe,0.0
631,1968,Indian Ocean,0.0
632,1968,North America,51.0
633,1968,Northern Africa,2.0
634,1968,Northern Asia,0.0
635,1968,Northern Europe,1.0
636,1968,Pacific,5.0
637,1968,South America,2.0
638,1968,South Asia,0.0
639,1968,South East Asia,17.0
640,1968,South East Europe,0.0
641,1968,South West Asia,1.0
642,1968,South West Europe,1.0
643,1968,Southern Africa,0.0
644,1968,Southern Europe,0.0
645,1968,West Indies,0.0
646,1968,Western Africa,1.0
647,1968,Western Europe,34.0
648,1969,Central Africa,0.0
649,1969,Central America,7.0
650,1969,Central Asia,0.0
651,1969,Central Europe,2.0
652,1969,East Asia,8.0
653,1969,Eastern Africa,0.0
654,1969,Eastern Europe,0.0
655,1969,Indian Ocean,0.0
656,1969,North America,61.0
657,1969,Northern Africa,2.0
658,1969,Northern Asia,0.0
659,1969,Northern Europe,1.0
660,1969,Pacific,5.0
661,1969,South America,3.0
662,1969,South Asia,0.0
663,1969,South East Asia,19.0
664,1969,South East Europe,0.0
665,1969,South West Asia,1.0
666,1969,South West Europe,1.0
667,1969,Southern Africa,1.0
668,1969,Southern Europe,0.0
669,1969,West Indies,0.0
670,1969,Western Africa,1.0
671,1969,Western Europe,37.0
672,1970,Central Africa,0.0
673,1970,Central America,7.0
674,1970,Central Asia,0.0
675,1970,Central Europe,2.0
676,1970,East Asia,9.0
677,1970,Eastern Africa,0.0
678,1970,Eastern Europe,0.0
679,1970,Indian Ocean,0.0
680,1970,North America,71.0
681,1970,Northern Africa,2.0
682,1970,Northern Asia,0.0
683,1970,Northern Europe,1.0
684,1970,Pacific,5.0
685,1970,South America,4.0
686,1970,South Asia,1.0
687,1970,South East Asia,21.0
688,1970,South East Europe,1.0
689,1970,South West Asia,1.0
690,1970,South West Europe,1.0
691,1970,Southern Africa,1.0
692,1970,Southern Europe,0.0
693,1970,West Indies,0.0
694,1970,Western Africa,1.0
695,1970,Western Europe,43.0
696,1971,Central Africa,0.0
697,1971,Central America,8.0
698,1971,Central Asia,0.0
699,1971,Central Europe,2.0
700,1971,East Asia,10.0
701,1971,Eastern Africa,0.0
702,1971,Eastern Europe,0.0
703,1971,Indian Ocean,0.0
704,1971,North America,75.0
705,1971,Northern Africa,2.0
706,1971,Northern Asia,0.0
707,1971,Northern Europe,2.0
708,1971,Pacific,5.0
709,1971,South America,5.0
710,1971,South Asia,1.0
711,1971,South East Asia,21.0
712,1971,South East Europe,1.0
713,1971,South West Asia,1.0
714,1971,South West Europe,1.0
715,1971,Southern Africa,1.0
716,1971,Southern Europe,1.0
717,1971,West Indies,1.0
718,1971,Western Africa,1.0
719,1971,Western Europe,49.0
720,1972,Central Africa,0.0
721,1972,Central America,9.0
722,1972,Central Asia,0.0
723,1972,Central Europe,2.0
724,1972,East Asia,10.0
725,1972,Eastern Africa,0.0
726,1972,Eastern Europe,0.0
727,1972,Indian Ocean,0.0
728,1972,North America,83.0
729,1972,Northern Africa,2.0
730,1972,Northern Asia,0.0
731,1972,Northern Europe,2.0
732,1972,Pacific,8.0
733,1972,South America,5.0
734,1972,South Asia,1.0
735,1972,South East Asia,22.0
736,1972,South East Europe,1.0
737,1972,South West Asia,1.0
738,1972,South West Europe,1.0
739,1972,Southern Africa,1.0
740,1972,Southern Europe,1.0
741,1972,West Indies,2.0
742,1972,Western Africa,1.0
743,1972,Western Europe,55.0
744,1973,Central Africa,0.0
745,1973,Central America,9.0
746,1973,Central Asia,0.0
747,1973,Central Europe,2.0
748,1973,East Asia,10.0
749,1973,Eastern Africa,0.0
750,1973,Eastern Europe,0.0
751,1973,Indian Ocean,0.0
752,1973,North America,92.0
753,1973,Northern Africa,3.0
754,1973,Northern Asia,0.0
755,1973,Northern Europe,2.0
756,1973,Pacific,9.0
757,1973,South America,5.0
758,1973,South Asia,1.0
759,1973,South East Asia,22.0
760,1973,South East Europe,1.0
761,1973,South West Asia,1.0
762,1973,South West Europe,1.0
763,1973,Southern Africa,1.0
764,1973,Southern Europe,1.0
765,1973,West Indies,3.0
766,1973,Western Africa,1.0
767,1973,Western Europe,57.0
768,1974,Central Africa,0.0
769,1974,Central America,11.0
770,1974,Central Asia,0.0
771,1974,Central Europe,2.0
772,1974,East Asia,12.0
773,1974,Eastern Africa,0.0
774,1974,Eastern Europe,0.0
775,1974,Indian Ocean,0.0
776,1974,North America,101.0
777,1974,Northern Africa,3.0
778,1974,Northern Asia,0.0
779,1974,Northern Europe,2.0
780,1974,Pacific,11.0
781,1974,South America,6.0
782,1974,South Asia,1.0
783,1974,South East Asia,23.0
784,1974,South East Europe,1.0
785,1974,South West Asia,2.0
786,1974,South West Europe,2.0
787,1974,Southern Africa,1.0
788,1974,Southern Europe,1.0
789,1974,West Indies,3.0
790,1974,Western Africa,1.0
791,1974,Western Europe,68.0
792,1975,Central Africa,0.0
793,1975,Central America,12.0
794,1975,Central Asia,1.0
795,1975,Central Europe,2.0
796,1975,East Asia,14.0
797,1975,Eastern Africa,0.0
798,1975,Eastern Europe,0.0
799,1975,Indian Ocean,0.0
800,1975,North America,112.0
801,1975,Northern Africa,3.0
802,1975,Northern Asia,0.0
803,1975,Northern Europe,2.0
804,1975,Pacific,17.0
805,1975,South America,11.0
806,1975,South Asia,1.0
807,1975,South East Asia,24.0
808,1975,South East Europe,1.0
809,1975,South West Asia,3.0
810,1975,South West Europe,2.0
811,1975,Southern Africa,1.0
812,1975,Southern Europe,1.0
813,1975,West Indies,3.0
814,1975,Western Africa,1.0
815,1975,Western Europe,74.0
816,1976,Central Africa,0.0
817,1976,Central America,12.0
818,1976,Central Asia,1.0
819,1976,Central Europe,2.0
820,1976,East Asia,15.0
821,1976,Eastern Africa,0.0
822,1976,Eastern Europe,0.0
823,1976,Indian Ocean,0.0
824,1976,North America,118.0
825,1976,Northern Africa,3.0
826,1976,Northern Asia,0.0
827,1976,Northern Europe,2.0
828,1976,Pacific,21.0
829,1976,South America,13.0
830,1976,South Asia,1.0
831,1976,South East Asia,25.0
832,1976,South East Europe,1.0
833,1976,South West Asia,3.0
834,1976,South West Europe,3.0
835,1976,Southern Africa,2.0
836,1976,Southern Europe,1.0
837,1976,West Indies,3.0
838,1976,Western Africa,1.0
839,1976,Western Europe,84.0
840,1977,Central Africa,0.0
841,1977,Central America,14.0
842,1977,Central Asia,1.0
843,1977,Central Europe,2.0
844,1977,East Asia,15.0
845,1977,Eastern Africa,0.0
846,1977,Eastern Europe,1.0
847,1977,Indian Ocean,0.0
848,1977,North America,131.0
849,1977,Northern Africa,3.0
850,1977,Northern Asia,0.0
851,1977,Northern Europe,5.0
852,1977,Pacific,24.0
853,1977,South America,15.0
854,1977,South Asia,3.0
855,1977,South East Asia,26.0
856,1977,South East Europe,1.0
857,1977,South West Asia,3.0
858,1977,South West Europe,3.0
859,1977,Southern Africa,2.0
860,1977,Southern Europe,1.0
861,1977,West Indies,3.0
862,1977,Western Africa,1.0
863,1977,Western Europe,90.0
864,1978,Central Africa,0.0
865,1978,Central America,15.0
866,1978,Central Asia,1.0
867,1978,Central Europe,2.0
868,1978,East Asia,16.0
869,1978,Eastern Africa,0.0
870,1978,Eastern Europe,1.0
871,1978,Indian Ocean,0.0
872,1978,North America,143.0
873,1978,Northern Africa,3.0
874,1978,Northern Asia,0.0
875,1978,Northern Europe,6.0
876,1978,Pacific,28.0
877,1978,South America,16.0
878,1978,South Asia,4.0
879,1978,South East Asia,26.0
880,1978,South East Europe,1.0
881,1978,South West Asia,3.0
882,1978,South West Europe,4.0
883,1978,Southern Africa,2.0
884,1978,Southern Europe,1.0
885,1978,West Indies,7.0
886,1978,Western Africa,1.0
887,1978,Western Europe,102.0
888,1979,Central Africa,0.0
889,1979,Central America,15.0
890,1979,Central Asia,1.0
891,1979,Central Europe,2.0
892,1979,East Asia,16.0
893,1979,Eastern Africa,0.0
894,1979,Eastern Europe,1.0
895,1979,Indian Ocean,0.0
896,1979,North America,152.0
897,1979,Northern Africa,3.0
898,1979,Northern Asia,0.0
899,1979,Northern Europe,7.0
900,1979,Pacific,30.0
901,1979,South America,17.0
902,1979,South Asia,4.0
903,1979,South East Asia,26.0
904,1979,South East Europe,2.0
905,1979,South West Asia,3.0
906,1979,South West Europe,4.0
907,1979,Southern Africa,2.0
908,1979,Southern Europe,1.0
909,1979,West Indies,7.0
910,1979,Western Africa,1.0
911,1979,Western Europe,116.0
912,1980,Central Africa,0.0
913,1980,Central America,17.0
914,1980,Central Asia,1.0
915,1980,Central Europe,2.0
916,1980,East Asia,16.0
917,1980,Eastern Africa,0.0
918,1980,Eastern Europe,1.0
919,1980,Indian Ocean,0.0
920,1980,North America,159.0
921,1980,Northern Africa,3.0
922,1980,Northern Asia,0.0
923,1980,Northern Europe,7.0
924,1980,Pacific,33.0
925,1980,South America,18.0
926,1980,South Asia,5.0
927,1980,South East Asia,26.0
928,1980,South East Europe,2.0
929,1980,South West Asia,3.0
930,1980,South West Europe,5.0
931,1980,Southern Africa,2.0
932,1980,Southern Europe,2.0
933,1980,West Indies,7.0
934,1980,Western Africa,1.0
935,1980,Western Europe,130.0
936,1981,Central Africa,0.0
937,1981,Central America,17.0
938,1981,Central Asia,1.0
939,1981,Central Europe,2.0
940,1981,East Asia,17.0
941,1981,Eastern Africa,0.0
942,1981,Eastern Europe,1.0
943,1981,Indian Ocean,0.0
944,1981,North America,164.0
945,1981,Northern Africa,3.0
946,1981,Northern Asia,0.0
947,1981,Northern Europe,7.0
948,1981,Pacific,34.0
949,1981,South America,19.0
950,1981,South Asia,5.0
951,1981,South East Asia,27.0
952,1981,South East Europe,2.0
953,1981,South West Asia,3.0
954,1981,South West Europe,6.0
955,1981,Southern Africa,2.0
956,1981,Southern Europe,2.0
957,1981,West Indies,7.0
958,1981,Western Africa,1.0
959,1981,Western Europe,133.0
960,1982,Central Africa,0.0
961,1982,Central America,18.0
962,1982,Central Asia,1.0
963,1982,Central Europe,2.0
964,1982,East Asia,17.0
965,1982,Eastern Africa,0.0
966,1982,Eastern Europe,1.0
967,1982,Indian Ocean,0.0
968,1982,North America,173.0
969,1982,Northern Africa,3.0
970,1982,Northern Asia,0.0
971,1982,Northern Europe,7.0
972,1982,Pacific,36.0
973,1982,South America,19.0
974,1982,South Asia,6.0
975,1982,South East Asia,27.0
976,1982,South East Europe,2.0
977,1982,South West Asia,3.0
978,1982,South West Europe,6.0
979,1982,Southern Africa,2.0
980,1982,Southern Europe,2.0
981,1982,West Indies,7.0
982,1982,Western Africa,1.0
983,1982,Western Europe,139.0
984,1983,Central Africa,0.0
985,1983,Central America,19.0
986,1983,Central Asia,1.0
987,1983,Central Europe,2.0
988,1983,East Asia,17.0
989,1983,Eastern Africa,0.0
990,1983,Eastern Europe,1.0
991,1983,Indian Ocean,0.0
992,1983,North America,179.0
993,1983,Northern Africa,3.0
994,1983,Northern Asia,0.0
995,1983,Northern Europe,8.0
996,1983,Pacific,40.0
997,1983,South America,22.0
998,1983,South Asia,6.0
999,1983,South East Asia,27.0
1000,1983,South East Europe,2.0
1001,1983,South West Asia,3.0
1002,1983,South West Europe,6.0
1003,1983,Southern Africa,2.0
1004,1983,Southern Europe,2.0
1005,1983,West Indies,8.0
1006,1983,Western Africa,1.0
1007,1983,Western Europe,144.0
1008,1984,Central Africa,0.0
1009,1984,Central America,21.0
1010,1984,Central Asia,1.0
1011,1984,Central Europe,2.0
1012,1984,East Asia,17.0
1013,1984,Eastern Africa,0.0
1014,1984,Eastern Europe,1.0
1015,1984,Indian Ocean,0.0
1016,1984,North America,189.0
1017,1984,Northern Africa,3.0
1018,1984,Northern Asia,0.0
1019,1984,Northern Europe,8.0
1020,1984,Pacific,42.0
1021,1984,South America,24.0
1022,1984,South Asia,6.0
1023,1984,South East Asia,27.0
1024,1984,South East Europe,2.0
1025,1984,South West Asia,4.0
1026,1984,South West Europe,6.0
1027,1984,Southern Africa,2.0
1028,1984,Southern Europe,2.0
1029,1984,West Indies,9.0
1030,1984,Western Africa,1.0
1031,1984,Western Europe,151.0
1032,1985,Central Africa,0.0
1033,1985,Central America,22.0
1034,1985,Central Asia,1.0
1035,1985,Central Europe,2.0
1036,1985,East Asia,18.0
1037,1985,Eastern Africa,0.0
1038,1985,Eastern Europe,2.0
1039,1985,Indian Ocean,0.0
1040,1985,North America,199.0
1041,1985,Northern Africa,3.0
1042,1985,Northern Asia,0.0
1043,1985,Northern Europe,8.0
1044,1985,Pacific,43.0
1045,1985,South America,25.0
1046,1985,South Asia,8.0
1047,1985,South East Asia,28.0
1048,1985,South East Europe,3.0
1049,1985,South West Asia,4.0
1050,1985,South West Europe,6.0
1051,1985,Southern Africa,2.0
1052,1985,Southern Europe,2.0
1053,1985,West Indies,9.0
1054,1985,Western Africa,1.0
1055,1985,Western Europe,155.0
1056,1986,Central Africa,0.0
1057,1986,Central America,22.0
1058,1986,Central Asia,1.0
1059,1986,Central Europe,2.0
1060,1986,East Asia,18.0
1061,1986,Eastern Africa,0.0
1062,1986,Eastern Europe,2.0
1063,1986,Indian Ocean,0.0
1064,1986,North America,203.0
1065,1986,Northern Africa,4.0
1066,1986,Northern Asia,0.0
1067,1986,Northern Europe,8.0
1068,1986,Pacific,47.0
1069,1986,South America,26.0
1070,1986,South Asia,9.0
1071,1986,South East Asia,29.0
1072,1986,South East Europe,6.0
1073,1986,South West Asia,4.0
1074,1986,South West Europe,7.0
1075,1986,Southern Africa,2.0
1076,1986,Southern Europe,2.0
1077,1986,West Indies,10.0
1078,1986,Western Africa,1.0
1079,1986,Western Europe,164.0
1080,1987,Central Africa,0.0
1081,1987,Central America,22.0
1082,1987,Central Asia,4.0
1083,1987,Central Europe,2.0
1084,1987,East Asia,18.0
1085,1987,Eastern Africa,0.0
1086,1987,Eastern Europe,2.0
1087,1987,Indian Ocean,0.0
1088,1987,North America,215.0
1089,1987,Northern Africa,4.0
1090,1987,Northern Asia,0.0
1091,1987,Northern Europe,8.0
1092,1987,Pacific,50.0
1093,1987,South America,27.0
1094,1987,South Asia,9.0
1095,1987,South East Asia,31.0
1096,1987,South East Europe,7.0
1097,1987,South West Asia,5.0
1098,1987,South West Europe,7.0
1099,1987,Southern Africa,2.0
1100,1987,Southern Europe,2.0
1101,1987,West Indies,10.0
1102,1987,Western Africa,1.0
1103,1987,Western Europe,174.0
1104,1988,Central Africa,0.0
1105,1988,Central America,22.0
1106,1988,Central Asia,4.0
1107,1988,Central Europe,2.0
1108,1988,East Asia,19.0
1109,1988,Eastern Africa,0.0
1110,1988,Eastern Europe,2.0
1111,1988,Indian Ocean,0.0
1112,1988,North America,225.0
1113,1988,Northern Africa,4.0
1114,1988,Northern Asia,0.0
1115,1988,Northern Europe,8.0
1116,1988,Pacific,54.0
1117,1988,South America,29.0
1118,1988,South Asia,9.0
1119,1988,South East Asia,31.0
1120,1988,South East Europe,9.0
1121,1988,South West Asia,5.0
1122,1988,South West Europe,7.0
1123,1988,Southern Africa,2.0
1124,1988,Southern Europe,2.0
1125,1988,West Indies,10.0
1126,1988,Western Africa,1.0
1127,1988,Western Europe,182.0
1128,1989,Central Africa,0.0
1129,1989,Central America,23.0
1130,1989,Central Asia,4.0
1131,1989,Central Europe,2.0
1132,1989,East Asia,20.0
1133,1989,Eastern Africa,0.0
1134,1989,Eastern Europe,3.0
1135,1989,Indian Ocean,0.0
1136,1989,North America,232.0
1137,1989,Northern Africa,5.0
1138,1989,Northern Asia,0.0
1139,1989,Northern Europe,9.0
1140,1989,Pacific,54.0
1141,1989,South America,31.0
1142,1989,South Asia,9.0
1143,1989,South East Asia,31.0
1144,1989,South East Europe,10.0
1145,1989,South West Asia,8.0
1146,1989,South West Europe,8.0
1147,1989,Southern Africa,2.0
1148,1989,Southern Europe,2.0
1149,1989,West Indies,10.0
1150,1989,Western Africa,1.0
1151,1989,Western Europe,189.0
1152,1990,Central Africa,0.0
1153,1990,Central America,23.0
1154,1990,Central Asia,5.0
1155,1990,Central Europe,2.0
1156,1990,East Asia,21.0
1157,1990,Eastern Africa,0.0
1158,1990,Eastern Europe,3.0
1159,1990,Indian Ocean,0.0
1160,1990,North America,247.0
1161,1990,Northern Africa,6.0
1162,1990,Northern Asia,0.0
1163,1990,Northern Europe,10.0
1164,1990,Pacific,58.0
1165,1990,South America,33.0
1166,1990,South Asia,9.0
1167,1990,South East Asia,31.0
1168,1990,South East Europe,11.0
1169,1990,South West Asia,11.0
1170,1990,South West Europe,8.0
1171,1990,Southern Africa,2.0
1172,1990,Southern Europe,2.0
1173,1990,West Indies,10.0
1174,1990,Western Africa,1.0
1175,1990,Western Europe,198.0
1176,1991,Central Africa,0.0
1177,1991,Central America,26.0
1178,1991,Central Asia,5.0
1179,1991,Central Europe,2.0
1180,1991,East Asia,21.0
1181,1991,Eastern Africa,0.0
1182,1991,Eastern Europe,3.0
1183,1991,Indian Ocean,0.0
1184,1991,North America,260.0
1185,1991,Northern Africa,6.0
1186,1991,Northern Asia,1.0
1187,1991,Northern Europe,10.0
1188,1991,Pacific,60.0
1189,1991,South America,34.0
1190,1991,South Asia,10.0
1191,1991,South East Asia,32.0
1192,1991,South East Europe,12.0
1193,1991,South West Asia,13.0
1194,1991,South West Europe,8.0
1195,1991,Southern Africa,2.0
1196,1991,Southern Europe,2.0
1197,1991,West Indies,10.0
1198,1991,Western Africa,1.0
1199,1991,Western Europe,204.0
1200,1992,Central Africa,0.0
1201,1992,Central America,27.0
1202,1992,Central Asia,5.0
1203,1992,Central Europe,2.0
1204,1992,East Asia,21.0
1205,1992,Eastern Africa,0.0
1206,1992,Eastern Europe,4.0
1207,1992,Indian Ocean,0.0
1208,1992,North America,271.0
1209,1992,Northern Africa,6.0
1210,1992,Northern Asia,1.0
1211,1992,Northern Europe,12.0
1212,1992,Pacific,67.0
1213,1992,South America,34.0
1214,1992,South Asia,11.0
1215,1992,South East Asia,32.0
1216,1992,South East Europe,12.0
1217,1992,South West Asia,13.0
1218,1992,South West Europe,8.0
1219,1992,Southern Africa,3.0
1220,1992,Southern Europe,3.0
1221,1992,West Indies,10.0
1222,1992,Western Africa,1.0
1223,1992,Western Europe,213.0
1224,1993,Central Africa,0.0
1225,1993,Central America,27.0
1226,1993,Central Asia,5.0
1227,1993,Central Europe,2.0
1228,1993,East Asia,21.0
1229,1993,Eastern Africa,0.0
1230,1993,Eastern Europe,6.0
1231,1993,Indian Ocean,0.0
1232,1993,North America,287.0
1233,1993,Northern Africa,6.0
1234,1993,Northern Asia,1.0
1235,1993,Northern Europe,12.0
1236,1993,Pacific,71.0
1237,1993,South America,36.0
1238,1993,South Asia,14.0
1239,1993,South East Asia,32.0
1240,1993,South East Europe,14.0
1241,1993,South West Asia,14.0
1242,1993,South West Europe,8.0
1243,1993,Southern Africa,4.0
1244,1993,Southern Europe,3.0
1245,1993,West Indies,10.0
1246,1993,Western Africa,1.0
1247,1993,Western Europe,228.0
1248,1994,Central Africa,0.0
1249,1994,Central America,32.0
1250,1994,Central Asia,5.0
1251,1994,Central Europe,2.0
1252,1994,East Asia,21.0
1253,1994,Eastern Africa,0.0
1254,1994,Eastern Europe,7.0
1255,1994,Indian Ocean,0.0
1256,1994,North America,306.0
1257,1994,Northern Africa,6.0
1258,1994,Northern Asia,1.0
1259,1994,Northern Europe,13.0
1260,1994,Pacific,74.0
1261,1994,South America,38.0
1262,1994,South Asia,18.0
1263,1994,South East Asia,33.0
1264,1994,South East Europe,14.0
1265,1994,South West Asia,15.0
1266,1994,South West Europe,8.0
1267,1994,Southern Africa,5.0
1268,1994,Southern Europe,3.0
1269,1994,West Indies,11.0
1270,1994,Western Africa,1.0
1271,1994,Western Europe,246.0
1272,1995,Central Africa,0.0
1273,1995,Central America,34.0
1274,1995,Central Asia,5.0
1275,1995,Central Europe,2.0
1276,1995,East Asia,22.0
1277,1995,Eastern Africa,0.0
1278,1995,Eastern Europe,8.0
1279,1995,Indian Ocean,0.0
1280,1995,North America,330.0
1281,1995,Northern Africa,6.0
1282,1995,Northern Asia,1.0
1283,1995,Northern Europe,14.0
1284,1995,Pacific,79.0
1285,1995,South America,42.0
1286,1995,South Asia,19.0
1287,1995,South East Asia,34.0
1288,1995,South East Europe,16.0
1289,1995,South West Asia,18.0
1290,1995,South West Europe,8.0
1291,1995,Southern Africa,5.0
1292,1995,Southern Europe,4.0
1293,1995,West Indies,12.0
1294,1995,Western Africa,1.0
1295,1995,Western Europe,265.0
1296,1996,Central Africa,0.0
1297,1996,Central America,41.0
1298,1996,Central Asia,5.0
1299,1996,Central Europe,2.0
1300,1996,East Asia,23.0
1301,1996,Eastern Africa,0.0
1302,1996,Eastern Europe,9.0
1303,1996,Indian Ocean,0.0
1304,1996,North America,371.0
1305,1996,Northern Africa,6.0
1306,1996,Northern Asia,1.0
1307,1996,Northern Europe,15.0
1308,1996,Pacific,90.0
1309,1996,South America,45.0
1310,1996,South Asia,21.0
1311,1996,South East Asia,35.0
1312,1996,South East Europe,16.0
1313,1996,South West Asia,19.0
1314,1996,South West Europe,11.0
1315,1996,Southern Africa,6.0
1316,1996,Southern Europe,4.0
1317,1996,West Indies,12.0
1318,1996,Western Africa,1.0
1319,1996,Western Europe,302.0
1320,1997,Central Africa,0.0
1321,1997,Central America,44.0
1322,1997,Central Asia,5.0
1323,1997,Central Europe,2.0
1324,1997,East Asia,23.0
1325,1997,Eastern Africa,1.0
1326,1997,Eastern Europe,11.0
1327,1997,Indian Ocean,0.0
1328,1997,North America,423.0
1329,1997,Northern Africa,7.0
1330,1997,Northern Asia,1.0
1331,1997,Northern Europe,18.0
1332,1997,Pacific,101.0
1333,1997,South America,50.0
1334,1997,South Asia,22.0
1335,1997,South East Asia,40.0
1336,1997,South East Europe,17.0
1337,1997,South West Asia,21.0
1338,1997,South West Europe,13.0
1339,1997,Southern Africa,6.0
1340,1997,Southern Europe,4.0
1341,1997,West Indies,12.0
1342,1997,Western Africa,1.0
1343,1997,Western Europe,347.0
1344,1998,Central Africa,0.0
1345,1998,Central America,48.0
1346,1998,Central Asia,5.0
1347,1998,Central Europe,2.0
1348,1998,East Asia,25.0
1349,1998,Eastern Africa,1.0
1350,1998,Eastern Europe,11.0
1351,1998,Indian Ocean,0.0
1352,1998,North America,497.0
1353,1998,Northern Africa,9.0
1354,1998,Northern Asia,2.0
1355,1998,Northern Europe,20.0
1356,1998,Pacific,121.0
1357,1998,South America,53.0
1358,1998,South Asia,25.0
1359,1998,South East Asia,44.0
1360,1998,South East Europe,20.0
1361,1998,South West Asia,22.0
1362,1998,South West Europe,16.0
1363,1998,Southern Africa,7.0
1364,1998,Southern Europe,4.0
1365,1998,West Indies,13.0
1366,1998,Western Africa,1.0
1367,1998,Western Europe,400.0
1368,1999,Central Africa,0.0
1369,1999,Central America,58.0
1370,1999,Central Asia,5.0
1371,1999,Central Europe,2.0
1372,1999,East Asia,32.0
1373,1999,Eastern Africa,1.0
1374,1999,Eastern Europe,14.0
1375,1999,Indian Ocean,0.0
1376,1999,North America,608.0
1377,1999,Northern Africa,9.0
1378,1999,Northern Asia,2.0
1379,1999,Northern Europe,25.0
1380,1999,Pacific,148.0
1381,1999,South America,62.0
1382,1999,South Asia,30.0
1383,1999,South East Asia,50.0
1384,1999,South East Europe,21.0
1385,1999,South West Asia,24.0
1386,1999,South West Europe,16.0
1387,1999,Southern Africa,9.0
1388,1999,Southern Europe,5.0
1389,1999,West Indies,16.0
1390,1999,Western Africa,1.0
1391,1999,Western Europe,474.0
1392,2000,Central Africa,0.0
1393,2000,Central America,68.0
1394,2000,Central Asia,5.0
1395,2000,Central Europe,5.0
1396,2000,East Asia,36.0
1397,2000,Eastern Africa,1.0
1398,2000,Eastern Europe,16.0
1399,2000,Indian Ocean,0.0
1400,2000,North America,718.0
1401,2000,Northern Africa,12.0
1402,2000,Northern Asia,3.0
1403,2000,Northern Europe,32.0
1404,2000,Pacific,179.0
1405,2000,South America,71.0
1406,2000,South Asia,39.0
1407,2000,South East Asia,58.0
1408,2000,South East Europe,27.0
1409,2000,South West Asia,29.0
1410,2000,South West Europe,18.0
1411,2000,Southern Africa,14.0
1412,2000,Southern Europe,5.0
1413,2000,West Indies,17.0
1414,2000,Western Africa,1.0
1415,2000,Western Europe,596.0
1416,2001,Central Africa,0.0
1417,2001,Central America,75.0
1418,2001,Central Asia,5.0
1419,2001,Central Europe,9.0
1420,2001,East Asia,36.0
1421,2001,Eastern Africa,1.0
1422,2001,Eastern Europe,18.0
1423,2001,Indian Ocean,0.0
1424,2001,North America,885.0
1425,2001,Northern Africa,16.0
1426,2001,Northern Asia,3.0
1427,2001,Northern Europe,42.0
1428,2001,Pacific,227.0
1429,2001,South America,79.0
1430,2001,South Asia,54.0
1431,2001,South East Asia,73.0
1432,2001,South East Europe,34.0
1433,2001,South West Asia,36.0
1434,2001,South West Europe,29.0
1435,2001,Southern Africa,22.0
1436,2001,Southern Europe,6.0
1437,2001,West Indies,19.0
1438,2001,Western Africa,1.0
1439,2001,Western Europe,748.0
1440,2002,Central Africa,0.0
1441,2002,Central America,94.0
1442,2002,Central Asia,5.0
1443,2002,Central Europe,12.0
1444,2002,East Asia,41.0
1445,2002,Eastern Africa,2.0
1446,2002,Eastern Europe,22.0
1447,2002,Indian Ocean,0.0
1448,2002,North America,1088.0
1449,2002,Northern Africa,18.0
1450,2002,Northern Asia,3.0
1451,2002,Northern Europe,49.0
1452,2002,Pacific,285.0
1453,2002,South America,90.0
1454,2002,South Asia,61.0
1455,2002,South East Asia,85.0
1456,2002,South East Europe,47.0
1457,2002,South West Asia,45.0
1458,2002,South West Europe,35.0
1459,2002,Southern Africa,24.0
1460,2002,Southern Europe,12.0
1461,2002,West Indies,21.0
1462,2002,Western Africa,2.0
1463,2002,Western Europe,930.0
1464,2003,Central Africa,0.0
1465,2003,Central America,111.0
1466,2003,Central Asia,5.0
1467,2003,Central Europe,17.0
1468,2003,East Asia,47.0
1469,2003,Eastern Africa,4.0
1470,2003,Eastern Europe,23.0
1471,2003,Indian Ocean,0.0
1472,2003,North America,1422.0
1473,2003,Northern Africa,20.0
1474,2003,Northern Asia,3.0
1475,2003,Northern Europe,68.0
1476,2003,Pacific,350.0
1477,2003,South America,107.0
1478,2003,South Asia,77.0
1479,2003,South East Asia,99.0
1480,2003,South East Europe,53.0
1481,2003,South West Asia,57.0
1482,2003,South West Europe,48.0
1483,2003,Southern Africa,30.0
1484,2003,Southern Europe,15.0
1485,2003,West Indies,23.0
1486,2003,Western Africa,3.0
1487,2003,Western Europe,1124.0
1488,2004,Central Africa,0.0
1489,2004,Central America,134.0
1490,2004,Central Asia,6.0
1491,2004,Central Europe,20.0
1492,2004,East Asia,54.0
1493,2004,Eastern Africa,4.0
1494,2004,Eastern Europe,24.0
1495,2004,Indian Ocean,0.0
1496,2004,North America,1733.0
1497,2004,Northern Africa,21.0
1498,2004,Northern Asia,4.0
1499,2004,Northern Europe,78.0
1500,2004,Pacific,402.0
1501,2004,South America,120.0
1502,2004,South Asia,97.0
1503,2004,South East Asia,113.0
1504,2004,South East Europe,61.0
1505,2004,South West Asia,73.0
1506,2004,South West Europe,61.0
1507,2004,Southern Africa,39.0
1508,2004,Southern Europe,18.0
1509,2004,West Indies,28.0
1510,2004,Western Africa,4.0
1511,2004,Western Europe,1293.0
1512,2005,Central Africa,0.0
1513,2005,Central America,154.0
1514,2005,Central Asia,7.0
1515,2005,Central Europe,22.0
1516,2005,East Asia,62.0
1517,2005,Eastern Africa,5.0
1518,2005,Eastern Europe,30.0
1519,2005,Indian Ocean,1.0
1520,2005,North America,1951.0
1521,2005,Northern Africa,21.0
1522,2005,Northern Asia,6.0
1523,2005,Northern Europe,85.0
1524,2005,Pacific,465.0
1525,2005,South America,129.0
1526,2005,South Asia,110.0
1527,2005,South East Asia,117.0
1528,2005,South East Europe,72.0
1529,2005,South West Asia,83.0
1530,2005,South West Europe,68.0
1531,2005,Southern Africa,41.0
1532,2005,Southern Europe,20.0
1533,2005,West Indies,35.0
1534,2005,Western Africa,6.0
1535,2005,Western Europe,1448.0
1536,2006,Central Africa,0.0
1537,2006,Central America,170.0
1538,2006,Central Asia,7.0
1539,2006,Central Europe,27.0
1540,2006,East Asia,67.0
1541,2006,Eastern Africa,5.0
1542,2006,Eastern Europe,39.0
1543,2006,Indian Ocean,1.0
1544,2006,North America,2125.0
1545,2006,Northern Africa,23.0
1546,2006,Northern Asia,6.0
1547,2006,Northern Europe,88.0
1548,2006,Pacific,519.0
1549,2006,South America,141.0
1550,2006,South Asia,127.0
1551,2006,South East Asia,127.0
1552,2006,South East Europe,82.0
1553,2006,South West Asia,100.0
1554,2006,South West Europe,72.0
1555,2006,Southern Africa,45.0
1556,2006,Southern Europe,22.0
1557,2006,West Indies,39.0
1558,2006,Western Africa,7.0
1559,2006,Western Europe,1656.0
1560,2007,Central Africa,0.0
1561,2007,Central America,185.0
1562,2007,Central Asia,7.0
1563,2007,Central Europe,30.0
1564,2007,East Asia,77.0
1565,2007,Eastern Africa,5.0
1566,2007,Eastern Europe,40.0
1567,2007,Indian Ocean,1.0
1568,2007,North America,2313.0
1569,2007,Northern Africa,24.0
1570,2007,Northern Asia,7.0
1571,2007,Northern Europe,96.0
1572,2007,Pacific,552.0
1573,2007,South America,152.0
1574,2007,South Asia,154.0
1575,2007,South East Asia,136.0
1576,2007,South East Europe,89.0
1577,2007,South West Asia,108.0
1578,2007,South West Europe,75.0
1579,2007,Southern Africa,48.0
1580,2007,Southern Europe,24.0
1581,2007,West Indies,40.0
1582,2007,Western Africa,8.0
1583,2007,Western Europe,1837.0
1584,2008,Central Africa,0.0
1585,2008,Central America,199.0
1586,2008,Central Asia,7.0
1587,2008,Central Europe,31.0
1588,2008,East Asia,84.0
1589,2008,Eastern Africa,5.0
1590,2008,Eastern Europe,45.0
1591,2008,Indian Ocean,1.0
1592,2008,North America,2450.0
1593,2008,Northern Africa,25.0
1594,2008,Northern Asia,7.0
1595,2008,Northern Europe,102.0
1596,2008,Pacific,581.0
1597,2008,South America,164.0
1598,2008,South Asia,175.0
1599,2008,South East Asia,139.0
1600,2008,South East Europe,92.0
1601,2008,South West Asia,117.0
1602,2008,South West Europe,85.0
1603,2008,Southern Africa,53.0
1604,2008,Southern Europe,26.0
1605,2008,West Indies,41.0
1606,2008,Western Africa,8.0
1607,2008,Western Europe,2046.0
1608,2009,Central Africa,0.0
1609,2009,Central America,209.0
1610,2009,Central Asia,7.0
1611,2009,Central Europe,35.0
1612,2009,East Asia,90.0
1613,2009,Eastern Africa,6.0
1614,2009,Eastern Europe,49.0
1615,2009,Indian Ocean,2.0
1616,2009,North America,2602.0
1617,2009,Northern Africa,27.0
1618,2009,Northern Asia,8.0
1619,2009,Northern Europe,113.0
1620,2009,Pacific,604.0
1621,2009,South America,177.0
1622,2009,South Asia,191.0
1623,2009,South East Asia,149.0
1624,2009,South East Europe,97.0
1625,2009,South West Asia,129.0
1626,2009,South West Europe,91.0
1627,2009,Southern Africa,66.0
1628,2009,Southern Europe,27.0
1629,2009,West Indies,44.0
1630,2009,Western Africa,8.0
1631,2009,Western Europe,2316.0
1632,2010,Central Africa,0.0
1633,2010,Central America,217.0
1634,2010,Central Asia,8.0
1635,2010,Central Europe,39.0
1636,2010,East Asia,97.0
1637,2010,Eastern Africa,8.0
1638,2010,Eastern Europe,50.0
1639,2010,Indian Ocean,2.0
1640,2010,North America,2760.0
1641,2010,Northern Africa,28.0
1642,2010,Northern Asia,8.0
1643,2010,Northern Europe,118.0
1644,2010,Pacific,628.0
1645,2010,South America,183.0
1646,2010,South Asia,202.0
1647,2010,South East Asia,161.0
1648,2010,South East Europe,102.0
1649,2010,South West Asia,135.0
1650,2010,South West Europe,98.0
1651,2010,Southern Africa,71.0
1652,2010,Southern Europe,33.0
1653,2010,West Indies,46.0
1654,2010,Western Africa,8.0
1655,2010,Western Europe,2471.0
1656,2011,Central Africa,0.0
1657,2011,Central America,231.0
1658,2011,Central Asia,8.0
1659,2011,Central Europe,41.0
1660,2011,East Asia,102.0
1661,2011,Eastern Africa,8.0
1662,2011,Eastern Europe,54.0
1663,2011,Indian Ocean,2.0
1664,2011,North America,2910.0
1665,2011,Northern Africa,30.0
1666,2011,Northern Asia,8.0
1667,2011,Northern Europe,126.0
1668,2011,Pacific,643.0
1669,2011,South America,189.0
1670,2011,South Asia,210.0
1671,2011,South East Asia,171.0
1672,2011,South East Europe,109.0
1673,2011,South West Asia,149.0
1674,2011,South West Europe,101.0
1675,2011,Southern Africa,79.0
1676,2011,Southern Europe,35.0
1677,2011,West Indies,53.0
1678,2011,Western Africa,10.0
1679,2011,Western Europe,2545.0
1680,2012,Central Africa,1.0
1681,2012,Central America,242.0
1682,2012,Central Asia,8.0
1683,2012,Central Europe,46.0
1684,2012,East Asia,114.0
1685,2012,Eastern Africa,9.0
1686,2012,Eastern Europe,54.0
1687,2012,Indian Ocean,2.0
1688,2012,North America,3197.0
1689,2012,Northern Africa,32.0
1690,2012,Northern Asia,9.0
1691,2012,Northern Europe,133.0
1692,2012,Pacific,674.0
1693,2012,South America,195.0
1694,2012,South Asia,242.0
1695,2012,South East Asia,181.0
1696,2012,South East Europe,119.0
1697,2012,South West Asia,161.0
1698,2012,South West Europe,112.0
1699,2012,Southern Africa,96.0
1700,2012,Southern Europe,37.0
1701,2012,West Indies,60.0
1702,2012,Western Africa,11.0
1703,2012,Western Europe,2665.0
1704,2013,Central Africa,1.0
1705,2013,Central America,260.0
1706,2013,Central Asia,8.0
1707,2013,Central Europe,47.0
1708,2013,East Asia,117.0
1709,2013,Eastern Africa,10.0
1710,2013,Eastern Europe,60.0
1711,2013,Indian Ocean,4.0
1712,2013,North America,3512.0
1713,2013,Northern Africa,33.0
1714,2013,Northern Asia,9.0
1715,2013,Northern Europe,136.0
1716,2013,Pacific,717.0
1717,2013,South America,204.0
1718,2013,South Asia,267.0
1719,2013,South East Asia,194.0
1720,2013,South East Europe,128.0
1721,2013,South West Asia,171.0
1722,2013,South West Europe,113.0
1723,2013,Southern Africa,104.0
1724,2013,Southern Europe,40.0
1725,2013,West Indies,64.0
1726,2013,Western Africa,11.0
1727,2013,Western Europe,2740.0
1728,2014,Central Africa,1.0
1729,2014,Central America,266.0
1730,2014,Central Asia,8.0
1731,2014,Central Europe,48.0
1732,2014,East Asia,120.0
1733,2014,Eastern Africa,11.0
1734,2014,Eastern Europe,60.0
1735,2014,Indian Ocean,4.0
1736,2014,North America,3573.0
1737,2014,Northern Africa,33.0
1738,2014,Northern Asia,9.0
1739,2014,Northern Europe,138.0
1740,2014,Pacific,732.0
1741,2014,South America,206.0
1742,2014,South Asia,282.0
1743,2014,South East Asia,198.0
1744,2014,South East Europe,133.0
1745,2014,South West Asia,172.0
1746,2014,South West Europe,115.0
1747,2014,Southern Africa,108.0
1748,2014,Southern Europe,40.0
1749,2014,West Indies,67.0
1750,2014,Western Africa,12.0
1751,2014,Western Europe,2773.0
